{
    "total_prob": 0.9999999999990324,
    "com": {
        "x": 0.0007921308084438482,
        "y": 0.022480663940626117
    },
    "side_mass": {
        "left": 0.49962452278735814,
        "right": 0.5003754772116744
    },
    "peaks": [
        {
            "x": -0.020100502512562755,
            "y": 1.3869346733668342,
            "p": 0.4905681150676881
        },
        {
            "x": 0.020100502512562755,
            "y": 1.3869346733668342,
            "p": 0.4904273408117865
        }
    ],
    "global_min": {
        "x": 3.5175879396984926,
        "y": 1.8693467336683416,
        "p": 4.2565628231018525e-15
    }
}