{
    "E_es1_dimensionless": 6.2914908143874255,
    "E_es1_meV": 3.9752019000653935,
    "delta_E_es1_gs_dimensionless": 0.3785924296703831,
    "delta_E_es1_gs_meV": 0.23920901900301259
}