{
  "grid_N": 200,
  "dx": 0.05527638190954774,
  "dy": 0.05527638190954774,
  "total_prob": 1.0000000000000002,
  "com": {
    "x": 0.00013202151826445911,
    "y": 0.035343565032522284
  },
  "side_mass": {
    "left": 0.499093504078463,
    "right": 0.5009064959215371
  },
  "peaks": [
    {
      "x": 0.02763819095477338,
      "y": 1.5201005025125625,
      "p": 0.583979109733421
    },
    {
      "x": -0.02763819095477338,
      "y": 1.5201005025125625,
      "p": 0.5807787519163773
    }
  ],
  "expected_minima": [
    {
      "x": -1.5,
      "y": 0.0
    },
    {
      "x": 1.5,
      "y": 0.0
    }
  ],
  "minima_density": [
    {
      "x": -1.5201005025125625,
      "y": -0.02763819095477338,
      "p": 0.5532079498221557
    },
    {
      "x": 1.5201005025125625,
      "y": -0.02763819095477338,
      "p": 0.5807787519163773
    }
  ]
}