{
    "total_prob": 0.9999999999989614,
    "com": {
        "x": 0.0009553910091498586,
        "y": 0.0036287995667877463
    },
    "side_mass": {
        "left": 0.49864658397870515,
        "right": 0.5013534160202563
    },
    "peaks": [
        {
            "x": 0.020100502512562755,
            "y": -0.020100502512562755,
            "p": 0.4740310142674239
        },
        {
            "x": 0.020100502512562755,
            "y": 0.020100502512562755,
            "p": 0.47390795583507495
        }
    ],
    "global_min": {
        "x": 1.6281407035175879,
        "y": -0.060301507537688384,
        "p": 3.0523567845604175e-14
    }
}