{
    "E_es2_dimensionless": 8.90979050470502,
    "E_es2_meV": 5.629542693202916,
    "delta_E_es2_es1_dimensionless": 2.6182996903175946,
    "delta_E_es2_es1_meV": 1.654340793137523
}