{
    "total_prob": 0.9999999999989831,
    "com": {
        "x": 0.002914659667392473,
        "y": -0.039910317582836786
    },
    "side_mass": {
        "left": 0.49772562058869624,
        "right": 0.5022743794102867
    },
    "peaks": [
        {
            "x": 0.020100502512562755,
            "y": -1.1055276381909547,
            "p": 0.32649846964916346
        },
        {
            "x": 0.020100502512562755,
            "y": -1.1457286432160803,
            "p": 0.3263456665198455
        }
    ],
    "global_min": {
        "x": -1.7487437185929648,
        "y": 3.2763819095477387,
        "p": 7.416941788177152e-15
    }
}