{
    "E_gs_dimensionless": 5.912898384717042,
    "E_gs_meV": 3.7359928810623813
}