{
  "grid_N": 200,
  "dx": 0.05527638190954774,
  "dy": 0.05527638190954774,
  "total_prob": 0.9999999999999998,
  "com": {
    "x": -0.00027218922649139995,
    "y": -0.0077406569863060605
  },
  "side_mass": {
    "left": 0.500020392911691,
    "right": 0.4999796070883089
  },
  "peaks": [
    {
      "x": -0.02763819095477338,
      "y": -0.9673366834170851,
      "p": 0.33279498384931083
    },
    {
      "x": 0.02763819095477338,
      "y": -0.9673366834170851,
      "p": 0.332793126769876
    }
  ],
  "expected_minima": [
    {
      "x": -1.5,
      "y": 0.0
    },
    {
      "x": 1.5,
      "y": 0.0
    }
  ],
  "minima_density": [
    {
      "x": -1.5201005025125625,
      "y": -0.02763819095477338,
      "p": 0.2550106726726536
    },
    {
      "x": 1.5201005025125625,
      "y": -0.02763819095477338,
      "p": 0.2654009467703353
    }
  ]
}